[
  {
    "id": "9d9e3475-385f-4268-82e8-348802e8cd2b",
    "data": [
      {
        "text": "don\u0027t forget to wake me up at ",
        "userDefined": false
      },
      {
        "text": "9 am",
        "alias": "time",
        "meta": "@sys.time",
        "userDefined": false
      },
      {
        "text": " ",
        "userDefined": false
      },
      {
        "text": "every day",
        "alias": "recurrence",
        "meta": "@recurrence",
        "userDefined": false
      }
    ],
    "isTemplate": false,
    "count": 0,
    "updated": 0
  },
  {
    "id": "3eac9776-6d59-43c5-8e4f-527deedc14b5",
    "data": [
      {
        "text": "wake me up ",
        "userDefined": false
      },
      {
        "text": "every day",
        "alias": "recurrence",
        "meta": "@recurrence",
        "userDefined": false
      }
    ],
    "isTemplate": false,
    "count": 0,
    "updated": 0
  },
  {
    "id": "7a8e8b9b-b747-48d7-bfc1-8c4a09d82a56",
    "data": [
      {
        "text": "new alarm for ",
        "userDefined": false
      },
      {
        "text": "tomorrow",
        "alias": "date",
        "meta": "@sys.date",
        "userDefined": false
      }
    ],
    "isTemplate": false,
    "count": 0,
    "updated": 0
  },
  {
    "id": "478099cd-86ce-402d-ae80-cc77d5234f08",
    "data": [
      {
        "text": "wake me up",
        "userDefined": false
      }
    ],
    "isTemplate": false,
    "count": 1,
    "updated": 1481149644
  },
  {
    "id": "1a64957e-695d-4f32-a6de-b8b377679c83",
    "data": [
      {
        "text": "wake me up only ",
        "userDefined": false
      },
      {
        "text": "on weekdays",
        "alias": "recurrence",
        "meta": "@recurrence",
        "userDefined": false
      }
    ],
    "isTemplate": false,
    "count": 0,
    "updated": 1481036856
  },
  {
    "id": "1660fcda-c4d7-42a6-a9b2-98c79b948dbe",
    "data": [
      {
        "text": "i plan to wake up at ",
        "userDefined": false
      },
      {
        "text": "10 am",
        "alias": "time",
        "meta": "@sys.time",
        "userDefined": false
      },
      {
        "text": " ",
        "userDefined": false
      },
      {
        "text": "this monday",
        "alias": "date",
        "meta": "@sys.date",
        "userDefined": true
      }
    ],
    "isTemplate": false,
    "count": 0,
    "updated": 0
  },
  {
    "id": "d36c1aae-3873-44d8-90be-c14df870fc06",
    "data": [
      {
        "text": "set my alarm",
        "userDefined": false
      }
    ],
    "isTemplate": false,
    "count": 0,
    "updated": 1481036856
  },
  {
    "id": "24714c84-4032-4cb5-a02d-f0cf00f7aff4",
    "data": [
      {
        "text": "set an alarm for ",
        "userDefined": false
      },
      {
        "text": "7 am",
        "alias": "time",
        "meta": "@sys.time",
        "userDefined": false
      }
    ],
    "isTemplate": false,
    "count": 0,
    "updated": 0
  },
  {
    "id": "a8aac6b1-79b7-426f-ad6b-71d7661f5eae",
    "data": [
      {
        "text": "alarm",
        "userDefined": false
      }
    ],
    "isTemplate": false,
    "count": 0,
    "updated": 1481036856
  },
  {
    "id": "3dc98273-7c96-4653-a111-d31e3d6b6fb8",
    "data": [
      {
        "text": "i need a new alarm for ",
        "userDefined": false
      },
      {
        "text": "Friday",
        "alias": "date",
        "meta": "@sys.date",
        "userDefined": true
      },
      {
        "text": " ",
        "userDefined": false
      },
      {
        "text": "6 am",
        "alias": "time",
        "meta": "@sys.time",
        "userDefined": true
      }
    ],
    "isTemplate": false,
    "count": 0,
    "updated": 0
  }
]