[
  {
    "id": "de12d43c-85a7-4aa7-ae66-8c36fc33c1ac",
    "data": [
      {
        "text": "cancel it",
        "userDefined": false
      }
    ],
    "isTemplate": false,
    "count": 0,
    "updated": 0
  },
  {
    "id": "b9ed32b4-42ed-4c93-ac9f-791ed9189c7c",
    "data": [
      {
        "text": "don\u0027t set it",
        "userDefined": false
      }
    ],
    "isTemplate": false,
    "count": 0,
    "updated": 0
  },
  {
    "id": "41568408-77d7-4af5-ac10-96481f6deb5b",
    "data": [
      {
        "text": "no",
        "userDefined": false
      }
    ],
    "isTemplate": false,
    "count": 0,
    "updated": 0
  },
  {
    "id": "fa1804da-dd30-47fd-a13e-ee19cfe136a4",
    "data": [
      {
        "text": "cancel",
        "userDefined": false
      }
    ],
    "isTemplate": false,
    "count": 0,
    "updated": 0
  },
  {
    "id": "032fd0d7-2531-4da2-b2cb-93e539889b58",
    "data": [
      {
        "text": "no no",
        "userDefined": false
      }
    ],
    "isTemplate": false,
    "count": 0,
    "updated": 0
  },
  {
    "id": "087688e4-a8bf-4721-b939-2e9d9ef12630",
    "data": [
      {
        "text": "i don\u0027t want to set an alarm",
        "userDefined": false
      }
    ],
    "isTemplate": false,
    "count": 0,
    "updated": 0
  },
  {
    "id": "36603106-18bb-4123-beb3-77adf820f111",
    "data": [
      {
        "text": "i\u0027ve changed my mind",
        "userDefined": false
      }
    ],
    "isTemplate": false,
    "count": 0,
    "updated": 0
  }
]