[
  {
    "id": "b389d147-103c-4621-9bcc-40411d8b4676",
    "data": [
      {
        "text": "routeMode",
        "alias": "routeMode",
        "meta": "@mode",
        "userDefined": true
      },
      {
        "text": " on route ",
        "userDefined": false
      },
      {
        "text": "routeNumber",
        "alias": "routeNumber",
        "meta": "@sys.any",
        "userDefined": true
      },
      {
        "text": " towards ",
        "userDefined": false
      },
      {
        "text": "routeDirection",
        "alias": "routeDirection",
        "meta": "@sys.any",
        "userDefined": true
      },
      {
        "text": " at stop ",
        "userDefined": false
      },
      {
        "text": "stopNumber",
        "alias": "stopNumber",
        "meta": "@sys.any",
        "userDefined": true
      }
    ],
    "isTemplate": false,
    "count": 0,
    "updated": 1507888730
  }
]