[
  {
    "id": "0373be8c-7898-4a09-acfe-48b85bcfae07",
    "data": [
      {
        "text": "route ",
        "userDefined": false
      },
      {
        "text": "routeNumber",
        "alias": "routeNumber",
        "meta": "@sys.any",
        "userDefined": true
      }
    ],
    "isTemplate": false,
    "count": 0,
    "updated": 1507902723
  },
  {
    "id": "f2d10ddb-b34e-4690-866b-249ee312901d",
    "data": [
      {
        "text": "routeNumber",
        "alias": "routeNumber",
        "meta": "@sys.any",
        "userDefined": true
      }
    ],
    "isTemplate": false,
    "count": 0,
    "updated": 1507902723
  }
]