[
  {
    "id": "df621c18-030b-47cc-91ea-9369ede1a55d",
    "data": [
      {
        "text": "cancel it",
        "userDefined": false
      }
    ],
    "isTemplate": false,
    "count": 0,
    "updated": 0
  },
  {
    "id": "e36f042f-7b4b-4597-951b-943125e52eca",
    "data": [
      {
        "text": "don\u0027t set it",
        "userDefined": false
      }
    ],
    "isTemplate": false,
    "count": 0,
    "updated": 0
  },
  {
    "id": "0eec398b-bd40-4216-8884-9b7f7d777a9e",
    "data": [
      {
        "text": "i don\u0027t want to set an alarm",
        "userDefined": false
      }
    ],
    "isTemplate": false,
    "count": 0,
    "updated": 0
  },
  {
    "id": "4a712cfe-3ab7-4f8c-9019-8de008ed5d5c",
    "data": [
      {
        "text": "no no",
        "userDefined": false
      }
    ],
    "isTemplate": false,
    "count": 0,
    "updated": 0
  },
  {
    "id": "d6634e66-3ad5-4887-a8ce-8b998161bd7e",
    "data": [
      {
        "text": "i\u0027ve changed my mind",
        "userDefined": false
      }
    ],
    "isTemplate": false,
    "count": 0,
    "updated": 0
  },
  {
    "id": "8c36ef0e-c3b4-4e69-beb3-b7e8faa59f69",
    "data": [
      {
        "text": "cancel",
        "userDefined": false
      }
    ],
    "isTemplate": false,
    "count": 0,
    "updated": 0
  },
  {
    "id": "2bf99cc9-a470-468c-88f4-0088850c2313",
    "data": [
      {
        "text": "no",
        "userDefined": false
      }
    ],
    "isTemplate": false,
    "count": 0,
    "updated": 0
  }
]