[
  {
    "id": "27aa0706-98dc-42ff-8033-8c0e1be327bd",
    "data": [
      {
        "text": "wake me up",
        "userDefined": false
      }
    ],
    "isTemplate": false,
    "count": 1,
    "updated": 1481149644
  },
  {
    "id": "a094f470-e279-4b80-a628-f1c327f864d6",
    "data": [
      {
        "text": "set my alarm",
        "userDefined": false
      }
    ],
    "isTemplate": false,
    "count": 0,
    "updated": 1481036856
  },
  {
    "id": "8567ee50-d78e-4d64-a8da-09fa96df7172",
    "data": [
      {
        "text": "alarm",
        "userDefined": false
      }
    ],
    "isTemplate": false,
    "count": 0,
    "updated": 1481036856
  },
  {
    "id": "946029a6-6346-4a06-843b-898ef98f5ca5",
    "data": [
      {
        "text": "wake me up only ",
        "userDefined": false
      },
      {
        "text": "on weekdays",
        "alias": "recurrence",
        "meta": "@recurrence",
        "userDefined": false
      }
    ],
    "isTemplate": false,
    "count": 0,
    "updated": 1481036856
  },
  {
    "id": "2f977bda-7f7d-44ae-9b98-328337712441",
    "data": [
      {
        "text": "i plan to wake up at ",
        "userDefined": false
      },
      {
        "text": "10 am",
        "alias": "time",
        "meta": "@sys.time",
        "userDefined": false
      },
      {
        "text": " ",
        "userDefined": false
      },
      {
        "text": "this monday",
        "alias": "date",
        "meta": "@sys.date",
        "userDefined": true
      }
    ],
    "isTemplate": false,
    "count": 0,
    "updated": 0
  },
  {
    "id": "42261fd4-5753-4ad8-9065-0a4d6509f221",
    "data": [
      {
        "text": "don\u0027t forget to wake me up at ",
        "userDefined": false
      },
      {
        "text": "9 am",
        "alias": "time",
        "meta": "@sys.time",
        "userDefined": false
      },
      {
        "text": " ",
        "userDefined": false
      },
      {
        "text": "every day",
        "alias": "recurrence",
        "meta": "@recurrence",
        "userDefined": false
      }
    ],
    "isTemplate": false,
    "count": 0,
    "updated": 0
  },
  {
    "id": "bc2a3961-749e-4473-903c-b01815a4abb4",
    "data": [
      {
        "text": "wake me up ",
        "userDefined": false
      },
      {
        "text": "every day",
        "alias": "recurrence",
        "meta": "@recurrence",
        "userDefined": false
      }
    ],
    "isTemplate": false,
    "count": 0,
    "updated": 0
  },
  {
    "id": "910eae1a-8c13-4049-af73-ccca461936d0",
    "data": [
      {
        "text": "i need a new alarm for ",
        "userDefined": false
      },
      {
        "text": "Friday",
        "alias": "date",
        "meta": "@sys.date",
        "userDefined": true
      },
      {
        "text": " ",
        "userDefined": false
      },
      {
        "text": "6 am",
        "alias": "time",
        "meta": "@sys.time",
        "userDefined": true
      }
    ],
    "isTemplate": false,
    "count": 0,
    "updated": 0
  },
  {
    "id": "4923e9e7-4080-4a18-8eb6-415639cea912",
    "data": [
      {
        "text": "new alarm for ",
        "userDefined": false
      },
      {
        "text": "tomorrow",
        "alias": "date",
        "meta": "@sys.date",
        "userDefined": false
      }
    ],
    "isTemplate": false,
    "count": 0,
    "updated": 0
  },
  {
    "id": "9524ec6c-58fd-47b4-abb9-e82fc0db1eff",
    "data": [
      {
        "text": "set an alarm for ",
        "userDefined": false
      },
      {
        "text": "7 am",
        "alias": "time",
        "meta": "@sys.time",
        "userDefined": false
      }
    ],
    "isTemplate": false,
    "count": 0,
    "updated": 0
  }
]