[
  {
    "id": "dae6b7c9-a529-4d2b-921f-420c9e0e54ba",
    "data": [
      {
        "text": "next ",
        "userDefined": false
      },
      {
        "text": "route_mode",
        "alias": "route_mode",
        "meta": "@mode",
        "userDefined": true
      },
      {
        "text": " on ",
        "userDefined": false
      },
      {
        "text": "route_number",
        "alias": "route_number",
        "meta": "@sys.any",
        "userDefined": true
      },
      {
        "text": " at ",
        "userDefined": false
      },
      {
        "text": "stop_number",
        "alias": "stop_number",
        "meta": "@sys.any",
        "userDefined": true
      },
      {
        "text": " towards ",
        "userDefined": false
      },
      {
        "text": "route_direction",
        "alias": "route_direction",
        "meta": "@sys.any",
        "userDefined": true
      }
    ],
    "isTemplate": false,
    "count": 0,
    "updated": 1508054424
  }
]