[
  {
    "id": "3afa0abc-6137-4628-9d49-c05c416843af",
    "data": [
      {
        "text": "route ",
        "userDefined": false
      },
      {
        "text": "route_number",
        "alias": "route_number",
        "meta": "@sys.any",
        "userDefined": true
      }
    ],
    "isTemplate": false,
    "count": 0,
    "updated": 1508078652
  },
  {
    "id": "ae4cd70b-54c9-4334-b879-874d49dc23f8",
    "data": [
      {
        "text": "route number ",
        "userDefined": false
      },
      {
        "text": "route_number",
        "alias": "route_number",
        "meta": "@sys.any",
        "userDefined": true
      }
    ],
    "isTemplate": false,
    "count": 0,
    "updated": 1508078652
  },
  {
    "id": "e03802e1-90e2-4246-a40e-063d33e2d2ae",
    "data": [
      {
        "text": "route_number",
        "alias": "route_number",
        "meta": "@sys.any",
        "userDefined": true
      }
    ],
    "isTemplate": false,
    "count": 0,
    "updated": 1508078652
  }
]